timestamp,open,high,low,close,volume
2025-10-07 06:43:00+00:00,123859.39,123872.01,123822.99,123823.0,4.19354
2025-10-07 06:44:00+00:00,123823.0,123871.48,123822.99,123871.48,4.15532
2025-10-07 06:45:00+00:00,123871.47,123887.99,123822.99,123887.98,46.8206
2025-10-07 06:46:00+00:00,123887.98,123887.99,123851.01,123851.02,2.64593
2025-10-07 06:47:00+00:00,123851.01,123877.22,123851.01,123851.57,6.1425
2025-10-07 06:48:00+00:00,123851.57,123924.0,123851.56,123923.99,32.42157
2025-10-07 06:49:00+00:00,123923.99,123973.57,123923.99,123973.56,3.20218
2025-10-07 06:50:00+00:00,123973.56,123992.83,123947.5,123947.5,13.25709
2025-10-07 06:51:00+00:00,123947.51,123947.51,123892.84,123903.28,2.73865
2025-10-07 06:52:00+00:00,123903.27,123979.99,123903.27,123959.5,34.45058
2025-10-07 06:53:00+00:00,123959.51,123990.0,123934.0,123974.12,11.55782
2025-10-07 06:54:00+00:00,123974.12,123984.13,123960.68,123960.68,4.02597
2025-10-07 06:55:00+00:00,123960.69,123960.69,123925.73,123925.73,7.89505
2025-10-07 06:56:00+00:00,123925.73,123955.9,123901.43,123955.9,3.4118
2025-10-07 06:57:00+00:00,123955.89,123955.9,123909.23,123909.23,6.63368
2025-10-07 06:58:00+00:00,123909.24,123954.0,123909.23,123953.99,1.92137
2025-10-07 06:59:00+00:00,123953.99,123954.0,123890.83,123890.84,7.67351
2025-10-07 07:00:00+00:00,123890.84,123924.41,123880.18,123912.56,17.03009
2025-10-07 07:01:00+00:00,123912.55,123912.55,123880.0,123904.78,4.11938
2025-10-07 07:02:00+00:00,123904.77,123935.95,123904.77,123935.95,4.88322
2025-10-07 07:03:00+00:00,123935.95,123950.0,123914.16,123914.16,6.85953
2025-10-07 07:04:00+00:00,123914.17,123960.0,123886.12,123960.0,6.22983
2025-10-07 07:05:00+00:00,123959.99,123960.0,123942.1,123942.1,6.92648
2025-10-07 07:06:00+00:00,123942.11,123990.0,123942.1,123989.99,16.06585
2025-10-07 07:07:00+00:00,123989.99,124038.0,123978.6,123978.6,13.83095
2025-10-07 07:08:00+00:00,123978.6,123978.6,123947.83,123947.83,2.97861
2025-10-07 07:09:00+00:00,123947.84,123947.84,123900.0,123900.01,2.90518
2025-10-07 07:10:00+00:00,123900.0,123951.65,123900.0,123900.01,9.65309
2025-10-07 07:11:00+00:00,123900.0,123900.01,123867.73,123867.74,7.11126
2025-10-07 07:12:00+00:00,123867.74,123867.74,123826.53,123826.53,3.30451
2025-10-07 07:13:00+00:00,123826.54,123874.6,123826.53,123838.9,5.35307
2025-10-07 07:14:00+00:00,123838.9,123838.9,123826.53,123833.12,5.17683
2025-10-07 07:15:00+00:00,123833.11,123833.12,123833.11,123833.11,0.97619
2025-10-07 07:16:00+00:00,123833.12,123833.12,123833.11,123833.12,2.25017
2025-10-07 07:17:00+00:00,123833.11,123833.12,123666.0,123666.01,47.1154
2025-10-07 07:18:00+00:00,123666.01,123776.79,123620.12,123755.76,72.22605
2025-10-07 07:19:00+00:00,123755.77,123776.78,123721.92,123776.78,16.25277
2025-10-07 07:20:00+00:00,123776.78,123848.0,123776.77,123846.55,13.66045
2025-10-07 07:21:00+00:00,123846.55,123847.19,123827.27,123838.46,3.10923
2025-10-07 07:22:00+00:00,123838.45,123838.46,123790.0,123798.35,5.17145
2025-10-07 07:23:00+00:00,123798.35,123798.35,123729.89,123749.99,5.80315
2025-10-07 07:24:00+00:00,123750.0,123784.84,123749.99,123784.83,3.46195
2025-10-07 07:25:00+00:00,123784.83,123784.84,123738.22,123747.04,18.55167
2025-10-07 07:26:00+00:00,123747.03,123764.29,123747.03,123764.29,4.64282
2025-10-07 07:27:00+00:00,123764.29,123780.64,123737.12,123780.64,5.24193
2025-10-07 07:28:00+00:00,123780.63,123839.92,123780.63,123839.91,3.43488
2025-10-07 07:29:00+00:00,123839.92,123850.0,123839.91,123850.0,5.4683
2025-10-07 07:30:00+00:00,123850.0,123850.0,123818.29,123818.29,7.40675
2025-10-07 07:31:00+00:00,123818.29,123818.3,123773.65,123799.99,9.91163
2025-10-07 07:32:00+00:00,123799.99,123800.0,123750.0,123799.54,12.04666
2025-10-07 07:33:00+00:00,123799.53,123799.54,123782.67,123782.68,9.41789
2025-10-07 07:34:00+00:00,123782.67,123782.68,123781.44,123781.45,7.04742
2025-10-07 07:35:00+00:00,123781.44,123781.45,123720.9,123720.91,8.6182
2025-10-07 07:36:00+00:00,123720.9,123720.91,123658.32,123658.33,13.09198
2025-10-07 07:37:00+00:00,123658.32,123702.76,123635.13,123681.17,34.84813
2025-10-07 07:38:00+00:00,123681.17,123681.18,123656.27,123656.54,6.54838
2025-10-07 07:39:00+00:00,123656.54,123681.28,123656.53,123673.91,12.76185
2025-10-07 07:40:00+00:00,123673.9,123708.67,123671.43,123705.31,12.9423
2025-10-07 07:41:00+00:00,123705.3,123705.31,123567.6,123594.54,65.64198
2025-10-07 07:42:00+00:00,123594.54,123692.88,123594.54,123692.88,10.5831
2025-10-07 07:43:00+00:00,123692.87,123724.0,123692.87,123723.99,10.02191
2025-10-07 07:44:00+00:00,123723.99,123724.0,123680.6,123688.98,9.98927
2025-10-07 07:45:00+00:00,123688.97,123688.98,123610.76,123658.0,16.54683
2025-10-07 07:46:00+00:00,123658.0,123690.41,123657.99,123660.29,10.12987
2025-10-07 07:47:00+00:00,123660.29,123690.41,123660.29,123660.29,10.36754
2025-10-07 07:48:00+00:00,123660.3,123660.3,123626.0,123660.28,12.975
2025-10-07 07:49:00+00:00,123660.28,123660.29,123646.86,123660.28,12.35926
2025-10-07 07:50:00+00:00,123660.28,123687.58,123660.28,123687.58,11.80908
2025-10-07 07:51:00+00:00,123687.58,123687.58,123660.03,123676.15,9.80879
2025-10-07 07:52:00+00:00,123676.15,123676.16,123632.22,123632.23,7.31981
2025-10-07 07:53:00+00:00,123632.22,123686.5,123632.22,123686.5,12.59506
2025-10-07 07:54:00+00:00,123686.49,123686.5,123686.49,123686.5,4.85766
2025-10-07 07:55:00+00:00,123686.49,123686.5,123677.57,123677.58,9.91065
2025-10-07 07:56:00+00:00,123677.57,123677.58,123639.02,123654.46,12.21683
2025-10-07 07:57:00+00:00,123654.47,123685.28,123637.82,123645.36,15.93297
2025-10-07 07:58:00+00:00,123644.89,123644.89,123580.23,123643.88,24.13166
2025-10-07 07:59:00+00:00,123643.88,123680.27,123643.88,123667.99,8.46433
2025-10-07 08:00:00+00:00,123668.0,123668.0,123608.06,123608.06,10.41448
2025-10-07 08:01:00+00:00,123608.07,123608.07,123579.98,123583.21,4.75851
2025-10-07 08:02:00+00:00,123583.21,123583.91,123579.98,123583.91,2.46966
2025-10-07 08:03:00+00:00,123583.9,123583.91,123562.73,123562.73,7.65456
2025-10-07 08:04:00+00:00,123562.74,123583.2,123562.74,123583.2,1.53082
2025-10-07 08:05:00+00:00,123583.19,123600.0,123570.25,123595.44,7.23835
2025-10-07 08:06:00+00:00,123595.43,123595.44,123571.89,123571.9,5.33791
2025-10-07 08:07:00+00:00,123571.9,123571.9,123571.89,123571.9,2.93219
2025-10-07 08:08:00+00:00,123571.9,123571.9,123506.03,123519.55,122.59156
2025-10-07 08:09:00+00:00,123519.54,123685.27,123506.27,123683.99,19.58878
2025-10-07 08:10:00+00:00,123683.99,123700.0,123627.75,123694.53,15.41902
2025-10-07 08:11:00+00:00,123694.52,123694.53,123481.17,123525.78,134.91032
2025-10-07 08:12:00+00:00,123525.78,123621.39,123525.78,123558.24,16.78034
2025-10-07 08:13:00+00:00,123558.0,123558.0,123503.7,123538.55,16.92209
2025-10-07 08:14:00+00:00,123538.54,123560.83,123538.54,123550.73,2.27279
2025-10-07 08:15:00+00:00,123550.73,123626.0,123518.0,123625.99,6.52085
2025-10-07 08:16:00+00:00,123626.0,123626.0,123541.48,123547.13,6.03771
2025-10-07 08:17:00+00:00,123547.13,123575.56,123541.48,123547.12,3.23797
2025-10-07 08:18:00+00:00,123547.11,123547.12,123505.97,123518.55,7.02144
2025-10-07 08:19:00+00:00,123518.54,123518.55,123425.22,123439.64,25.77946
2025-10-07 08:20:00+00:00,123439.64,123442.35,123373.0,123442.35,99.01208
2025-10-07 08:21:00+00:00,123442.34,123442.35,123350.0,123350.0,9.47926
2025-10-07 08:22:00+00:00,123350.0,123446.01,123322.9,123398.75,25.57354
2025-10-07 08:23:00+00:00,123398.76,123445.87,123380.71,123445.86,9.36506
2025-10-07 08:24:00+00:00,123445.87,123500.0,123426.38,123500.0,9.15981
2025-10-07 08:25:00+00:00,123500.0,123678.28,123500.0,123656.94,41.45022
2025-10-07 08:26:00+00:00,123656.93,123698.68,123584.93,123698.67,11.39956
2025-10-07 08:27:00+00:00,123698.67,123729.57,123677.62,123694.67,11.52006
2025-10-07 08:28:00+00:00,123694.67,123694.68,123625.7,123679.38,5.17335
2025-10-07 08:29:00+00:00,123679.38,123679.39,123627.68,123641.38,6.5403
2025-10-07 08:30:00+00:00,123641.38,123668.16,123574.04,123574.05,19.79313
2025-10-07 08:31:00+00:00,123574.04,123590.56,123527.92,123590.55,9.18377
2025-10-07 08:32:00+00:00,123590.56,123590.56,123545.13,123545.13,3.47687
2025-10-07 08:33:00+00:00,123545.13,123545.14,123450.07,123450.07,13.11761
2025-10-07 08:34:00+00:00,123450.08,123463.88,123434.0,123434.01,4.50795
2025-10-07 08:35:00+00:00,123434.01,123457.71,123434.0,123449.21,6.59395
2025-10-07 08:36:00+00:00,123449.22,123485.86,123449.21,123485.86,20.62783
2025-10-07 08:37:00+00:00,123485.85,123594.73,123485.85,123579.05,12.69403
2025-10-07 08:38:00+00:00,123579.04,123646.77,123566.51,123646.76,11.99509
2025-10-07 08:39:00+00:00,123646.77,123729.57,123646.77,123729.56,9.75345
2025-10-07 08:40:00+00:00,123729.56,123823.92,123729.56,123823.92,18.86605
2025-10-07 08:41:00+00:00,123823.91,123823.92,123712.15,123712.16,5.5441
2025-10-07 08:42:00+00:00,123712.16,123802.19,123712.15,123771.56,23.57212
2025-10-07 08:43:00+00:00,123771.55,123791.51,123770.46,123791.51,7.85791
2025-10-07 08:44:00+00:00,123791.5,123813.03,123750.29,123813.02,6.43901
2025-10-07 08:45:00+00:00,123813.02,123824.54,123767.7,123785.29,9.21857
2025-10-07 08:46:00+00:00,123785.28,123835.56,123773.91,123825.52,19.74482
2025-10-07 08:47:00+00:00,123825.53,123825.53,123811.23,123819.75,6.78005
2025-10-07 08:48:00+00:00,123819.75,123819.76,123786.07,123807.91,13.38858
2025-10-07 08:49:00+00:00,123807.92,123882.36,123781.28,123876.6,23.07621
2025-10-07 08:50:00+00:00,123876.6,123885.36,123843.83,123843.84,5.4681
2025-10-07 08:51:00+00:00,123843.83,123888.22,123821.22,123888.22,12.04829
2025-10-07 08:52:00+00:00,123888.22,123974.91,123886.0,123922.23,48.02888
2025-10-07 08:53:00+00:00,123922.23,123989.99,123918.44,123988.92,44.77095
2025-10-07 08:54:00+00:00,123988.93,123999.98,123970.44,123970.45,37.48232
2025-10-07 08:55:00+00:00,123970.45,123970.45,123920.36,123940.64,34.64923
2025-10-07 08:56:00+00:00,123940.65,123944.24,123909.1,123909.11,33.03631
2025-10-07 08:57:00+00:00,123909.1,123909.11,123890.68,123900.0,31.27924
2025-10-07 08:58:00+00:00,123900.0,123933.19,123866.0,123866.01,24.66068
2025-10-07 08:59:00+00:00,123866.0,123866.01,123843.41,123861.75,7.18569
2025-10-07 09:00:00+00:00,123861.75,123889.47,123861.74,123889.47,7.43508
2025-10-07 09:01:00+00:00,123889.47,123910.08,123866.61,123866.62,11.337
2025-10-07 09:02:00+00:00,123866.62,123895.19,123866.62,123887.86,8.11172
2025-10-07 09:03:00+00:00,123887.87,123999.99,123887.86,123999.99,40.82461
2025-10-07 09:04:00+00:00,124000.0,124000.0,123963.0,123963.01,7.92924
2025-10-07 09:05:00+00:00,123963.0,124000.0,123963.0,124000.0,7.54628
2025-10-07 09:06:00+00:00,123999.99,123999.99,123977.73,123996.34,4.02082
2025-10-07 09:07:00+00:00,123996.34,124010.0,123973.58,124010.0,8.03687
2025-10-07 09:08:00+00:00,124009.99,124010.0,124009.99,124010.0,2.06678
2025-10-07 09:09:00+00:00,124009.99,124027.98,124009.99,124027.97,19.85378
2025-10-07 09:10:00+00:00,124027.98,124027.98,123999.99,124000.0,3.45997
2025-10-07 09:11:00+00:00,123999.99,124043.93,123999.99,124043.93,5.0198
2025-10-07 09:12:00+00:00,124043.92,124084.0,124043.92,124084.0,6.66503
2025-10-07 09:13:00+00:00,124083.99,124119.47,124083.99,124118.95,6.94844
2025-10-07 09:14:00+00:00,124118.95,124192.87,124118.95,124124.11,12.57526
2025-10-07 09:15:00+00:00,124124.12,124124.12,124071.58,124100.0,9.86736
2025-10-07 09:16:00+00:00,124100.0,124115.75,124086.0,124115.75,9.62841
2025-10-07 09:17:00+00:00,124115.75,124164.69,124086.38,124140.22,7.48594
2025-10-07 09:18:00+00:00,124140.22,124140.22,124073.16,124073.17,6.59498
2025-10-07 09:19:00+00:00,124073.16,124073.17,124030.0,124033.39,5.76134
2025-10-07 09:20:00+00:00,124033.4,124112.8,124033.39,124058.02,12.73864
2025-10-07 09:21:00+00:00,124058.02,124059.94,124034.0,124034.0,6.04733
2025-10-07 09:22:00+00:00,124034.0,124050.68,124010.13,124050.68,8.99517
2025-10-07 09:23:00+00:00,124050.69,124070.0,124022.52,124045.3,6.08962
2025-10-07 09:24:00+00:00,124045.3,124069.85,124045.29,124069.84,2.46734
2025-10-07 09:25:00+00:00,124069.85,124069.85,124045.0,124065.23,7.83138
2025-10-07 09:26:00+00:00,124065.23,124098.46,124065.23,124098.46,5.04235
2025-10-07 09:27:00+00:00,124098.46,124121.7,124094.6,124121.69,4.74029
2025-10-07 09:28:00+00:00,124121.69,124121.7,124094.6,124094.6,4.15876
2025-10-07 09:29:00+00:00,124094.61,124109.06,124094.61,124109.06,5.47115
2025-10-07 09:30:00+00:00,124109.05,124148.04,124109.05,124148.04,4.01024
2025-10-07 09:31:00+00:00,124148.04,124210.0,124148.03,124183.45,14.28266
2025-10-07 09:32:00+00:00,124183.45,124193.4,124141.57,124193.39,19.90586
2025-10-07 09:33:00+00:00,124193.4,124205.92,124151.21,124151.22,5.23016
2025-10-07 09:34:00+00:00,124151.21,124154.11,124125.0,124142.12,10.71301
2025-10-07 09:35:00+00:00,124142.12,124142.13,124142.11,124142.12,2.34819
2025-10-07 09:36:00+00:00,124142.12,124188.73,124126.0,124188.73,3.78336
2025-10-07 09:37:00+00:00,124188.72,124246.64,124188.72,124200.01,15.16385
2025-10-07 09:38:00+00:00,124200.01,124200.01,124125.01,124163.71,7.21429
2025-10-07 09:39:00+00:00,124163.71,124163.71,124119.7,124140.81,4.47274
2025-10-07 09:40:00+00:00,124140.81,124140.82,124124.12,124124.12,1.29217
2025-10-07 09:41:00+00:00,124124.13,124124.13,124096.67,124119.98,7.6413
2025-10-07 09:42:00+00:00,124119.98,124123.99,124112.79,124120.57,3.22782
2025-10-07 09:43:00+00:00,124120.56,124123.96,124096.42,124119.71,3.53681
2025-10-07 09:44:00+00:00,124119.7,124119.71,124096.42,124096.42,1.32668
2025-10-07 09:45:00+00:00,124096.42,124096.42,124086.4,124086.41,5.4375
2025-10-07 09:46:00+00:00,124086.4,124114.88,124084.57,124114.87,2.74488
2025-10-07 09:47:00+00:00,124114.87,124119.73,124101.9,124101.9,1.94861
2025-10-07 09:48:00+00:00,124101.9,124134.87,124101.89,124126.51,3.13598
2025-10-07 09:49:00+00:00,124126.5,124134.37,124109.12,124134.36,6.01518
2025-10-07 09:50:00+00:00,124134.37,124134.37,124121.97,124121.97,4.11249
2025-10-07 09:51:00+00:00,124121.98,124135.0,124121.97,124134.99,3.80362
2025-10-07 09:52:00+00:00,124135.0,124135.0,124121.97,124121.99,4.98425
2025-10-07 09:53:00+00:00,124121.99,124181.48,124121.98,124181.48,2.57157
2025-10-07 09:54:00+00:00,124181.48,124183.34,124181.47,124183.33,0.80686
2025-10-07 09:55:00+00:00,124183.34,124202.01,124168.19,124168.19,4.88514
2025-10-07 09:56:00+00:00,124168.2,124188.49,124168.19,124188.48,6.92998
2025-10-07 09:57:00+00:00,124188.49,124188.49,124180.07,124180.07,8.48567
2025-10-07 09:58:00+00:00,124180.07,124180.08,124149.64,124155.82,4.43988
2025-10-07 09:59:00+00:00,124155.83,124155.83,124117.48,124117.48,4.50046
2025-10-07 10:00:00+00:00,124117.48,124117.49,124072.92,124072.93,3.83849
2025-10-07 10:01:00+00:00,124072.93,124094.6,124072.92,124073.21,6.80301
2025-10-07 10:02:00+00:00,124073.21,124073.21,124020.0,124020.01,13.00257
2025-10-07 10:03:00+00:00,124020.0,124108.95,124020.0,124072.03,8.74673
2025-10-07 10:04:00+00:00,124072.04,124072.04,124062.01,124062.01,4.1211
2025-10-07 10:05:00+00:00,124062.02,124090.25,124060.32,124070.0,14.24855
2025-10-07 10:06:00+00:00,124070.0,124094.31,124045.75,124071.08,7.40684
2025-10-07 10:07:00+00:00,124071.08,124089.44,124071.08,124089.44,5.47325
2025-10-07 10:08:00+00:00,124089.43,124149.6,124089.43,124149.59,10.80666
2025-10-07 10:09:00+00:00,124149.59,124180.0,124149.59,124179.99,7.39748
2025-10-07 10:10:00+00:00,124180.0,124202.25,124179.99,124202.24,1.92788
2025-10-07 10:11:00+00:00,124202.25,124249.0,124202.24,124249.0,9.2211
2025-10-07 10:12:00+00:00,124248.99,124282.03,124228.45,124282.02,9.72322
2025-10-07 10:13:00+00:00,124282.03,124314.56,124282.02,124314.55,8.72486
2025-10-07 10:14:00+00:00,124314.56,124360.05,124314.55,124333.7,4.86307
2025-10-07 10:15:00+00:00,124333.7,124333.71,124271.0,124271.01,7.77213
2025-10-07 10:16:00+00:00,124271.0,124294.05,124271.0,124294.04,4.18756
2025-10-07 10:17:00+00:00,124294.04,124294.05,124271.71,124271.72,4.78938
2025-10-07 10:18:00+00:00,124271.71,124297.93,124240.01,124285.48,5.37241
2025-10-07 10:19:00+00:00,124285.48,124342.1,124285.48,124342.09,5.52333
2025-10-07 10:20:00+00:00,124342.1,124393.92,124322.95,124393.91,10.3694
2025-10-07 10:21:00+00:00,124393.91,124413.75,124357.62,124357.62,17.03385
2025-10-07 10:22:00+00:00,124357.63,124357.63,124333.6,124342.9,10.03348
2025-10-07 10:23:00+00:00,124342.9,124345.11,124340.2,124340.2,6.24921
2025-10-07 10:24:00+00:00,124340.19,124340.19,124282.42,124282.42,5.2671
2025-10-07 10:25:00+00:00,124282.42,124316.15,124282.41,124316.15,17.80636
2025-10-07 10:26:00+00:00,124316.14,124331.78,124282.17,124282.18,4.55064
2025-10-07 10:27:00+00:00,124282.17,124282.19,124282.17,124282.18,7.09738
2025-10-07 10:28:00+00:00,124282.18,124288.86,124270.0,124280.0,12.28314
2025-10-07 10:29:00+00:00,124280.0,124280.0,124258.23,124279.25,3.72591
2025-10-07 10:30:00+00:00,124279.25,124279.25,124244.06,124270.0,3.94684
2025-10-07 10:31:00+00:00,124270.0,124270.0,124225.9,124269.99,9.94227
2025-10-07 10:32:00+00:00,124269.99,124300.0,124269.98,124300.0,4.64635
2025-10-07 10:33:00+00:00,124300.0,124350.0,124300.0,124330.0,10.14777
2025-10-07 10:34:00+00:00,124330.0,124370.0,124329.99,124369.99,9.01319
2025-10-07 10:35:00+00:00,124369.99,124370.0,124333.95,124355.52,4.77433
2025-10-07 10:36:00+00:00,124355.52,124355.53,124333.96,124333.96,8.60534
2025-10-07 10:37:00+00:00,124333.97,124360.0,124333.96,124359.99,3.79391
2025-10-07 10:38:00+00:00,124359.99,124360.0,124330.66,124330.67,1.97964
2025-10-07 10:39:00+00:00,124330.67,124330.67,124302.0,124302.0,4.67362
2025-10-07 10:40:00+00:00,124302.0,124302.01,124286.0,124286.0,3.06252
2025-10-07 10:41:00+00:00,124286.0,124286.01,124235.19,124235.2,4.01816
2025-10-07 10:42:00+00:00,124235.2,124235.2,124235.19,124235.19,5.4747
2025-10-07 10:43:00+00:00,124235.2,124300.63,124235.19,124291.5,8.11262
2025-10-07 10:44:00+00:00,124291.5,124318.04,124291.49,124310.22,8.40689
2025-10-07 10:45:00+00:00,124310.23,124310.23,124278.52,124291.49,3.35285
2025-10-07 10:46:00+00:00,124291.49,124301.36,124272.09,124272.09,5.0237
2025-10-07 10:47:00+00:00,124272.09,124272.1,124252.15,124269.35,4.69179
2025-10-07 10:48:00+00:00,124269.34,124286.44,124248.58,124286.44,4.36106
2025-10-07 10:49:00+00:00,124286.44,124305.46,124286.44,124305.46,2.7264
2025-10-07 10:50:00+00:00,124305.46,124350.0,124305.45,124349.99,6.18296
2025-10-07 10:51:00+00:00,124350.0,124350.0,124315.79,124315.8,2.84373
2025-10-07 10:52:00+00:00,124315.79,124315.8,124254.76,124254.76,3.26198
2025-10-07 10:53:00+00:00,124254.77,124295.06,124254.76,124295.05,6.18177
2025-10-07 10:54:00+00:00,124295.05,124295.05,124269.75,124269.76,2.91507
2025-10-07 10:55:00+00:00,124269.76,124282.19,124269.75,124282.18,1.47957
2025-10-07 10:56:00+00:00,124282.18,124282.19,124282.18,124282.18,0.65962
2025-10-07 10:57:00+00:00,124282.18,124282.19,124282.18,124282.18,1.02593
2025-10-07 10:58:00+00:00,124282.18,124282.19,124262.38,124262.39,3.94844
2025-10-07 10:59:00+00:00,124262.39,124282.19,124262.38,124282.19,8.03397
2025-10-07 11:00:00+00:00,124282.18,124282.19,124246.0,124262.04,5.78348
2025-10-07 11:01:00+00:00,124262.03,124274.25,124262.03,124274.24,1.60412
2025-10-07 11:02:00+00:00,124274.25,124290.0,124244.89,124244.9,9.63574
2025-10-07 11:03:00+00:00,124244.9,124244.9,124230.0,124230.01,3.57296
2025-10-07 11:04:00+00:00,124230.01,124258.93,124198.02,124258.93,6.29423
2025-10-07 11:05:00+00:00,124258.92,124322.96,124258.92,124315.27,6.25802
2025-10-07 11:06:00+00:00,124315.28,124315.28,124301.76,124301.76,1.89239
2025-10-07 11:07:00+00:00,124301.77,124301.78,124279.55,124301.77,3.31467
2025-10-07 11:08:00+00:00,124301.78,124301.78,124289.02,124289.03,1.97274
2025-10-07 11:09:00+00:00,124289.02,124289.03,124274.9,124285.0,2.59851
2025-10-07 11:10:00+00:00,124285.0,124287.6,124276.72,124276.73,3.98479
2025-10-07 11:11:00+00:00,124276.73,124276.73,124230.86,124230.86,2.48447
2025-10-07 11:12:00+00:00,124230.86,124230.87,124210.79,124222.13,3.52586
2025-10-07 11:13:00+00:00,124222.14,124228.33,124197.77,124197.77,15.23654
2025-10-07 11:14:00+00:00,124197.78,124199.92,124181.24,124181.25,18.15883
2025-10-07 11:15:00+00:00,124181.25,124209.75,124179.99,124209.74,13.22091
2025-10-07 11:16:00+00:00,124209.74,124253.34,124209.74,124253.34,4.59715
2025-10-07 11:17:00+00:00,124253.34,124279.22,124253.33,124279.21,3.39354
2025-10-07 11:18:00+00:00,124279.21,124301.76,124265.46,124265.46,16.28208
2025-10-07 11:19:00+00:00,124265.47,124285.55,124265.46,124285.54,2.16108
2025-10-07 11:20:00+00:00,124285.55,124332.0,124285.54,124332.0,6.80895
2025-10-07 11:21:00+00:00,124331.99,124344.01,124317.95,124340.79,11.86062
2025-10-07 11:22:00+00:00,124340.79,124384.82,124329.84,124329.85,12.07498
2025-10-07 11:23:00+00:00,124329.84,124339.48,124323.18,124339.47,1.80803
2025-10-07 11:24:00+00:00,124339.48,124339.48,124293.8,124301.55,3.21569
2025-10-07 11:25:00+00:00,124301.55,124312.48,124301.55,124312.47,2.12618
2025-10-07 11:26:00+00:00,124312.48,124395.53,124312.47,124350.01,13.39702
2025-10-07 11:27:00+00:00,124350.01,124388.68,124344.6,124388.68,6.66401
2025-10-07 11:28:00+00:00,124388.67,124388.68,124388.67,124388.68,5.84432
2025-10-07 11:29:00+00:00,124388.68,124388.68,124388.67,124388.67,4.10391
2025-10-07 11:30:00+00:00,124388.68,124463.5,124388.67,124463.42,21.22099
2025-10-07 11:31:00+00:00,124463.42,124478.0,124463.42,124476.14,14.96535
2025-10-07 11:32:00+00:00,124476.15,124476.15,124448.0,124448.0,6.53453
2025-10-07 11:33:00+00:00,124448.01,124479.38,124392.0,124392.0,7.41175
2025-10-07 11:34:00+00:00,124392.01,124459.82,124392.0,124455.46,6.30882
2025-10-07 11:35:00+00:00,124455.46,124455.47,124375.7,124375.7,6.53789
2025-10-07 11:36:00+00:00,124375.7,124375.71,124296.03,124296.03,3.87433
2025-10-07 11:37:00+00:00,124296.03,124296.04,124273.49,124273.49,5.70406
2025-10-07 11:38:00+00:00,124273.5,124321.81,124273.49,124321.8,6.37548
2025-10-07 11:39:00+00:00,124321.8,124346.89,124321.8,124328.36,5.52468
2025-10-07 11:40:00+00:00,124328.37,124347.01,124328.36,124347.0,2.60849
2025-10-07 11:41:00+00:00,124347.01,124361.98,124335.82,124361.98,3.63082
2025-10-07 11:42:00+00:00,124361.98,124385.39,124361.98,124385.39,2.14335
2025-10-07 11:43:00+00:00,124385.38,124400.06,124385.38,124400.06,6.38512
2025-10-07 11:44:00+00:00,124400.06,124400.06,124366.87,124366.88,6.70472
2025-10-07 11:45:00+00:00,124366.88,124509.36,124365.15,124459.95,56.23312
2025-10-07 11:46:00+00:00,124459.95,124480.0,124432.4,124479.99,9.45494
2025-10-07 11:47:00+00:00,124479.99,124509.6,124479.99,124482.71,4.65618
2025-10-07 11:48:00+00:00,124482.71,124482.72,124449.02,124463.35,7.11399
2025-10-07 11:49:00+00:00,124463.34,124474.87,124449.81,124462.29,7.52541
2025-10-07 11:50:00+00:00,124462.3,124462.3,124432.79,124432.8,2.42366
2025-10-07 11:51:00+00:00,124432.8,124456.79,124432.79,124456.79,4.22389
2025-10-07 11:52:00+00:00,124456.79,124503.95,124456.79,124469.95,5.89864
2025-10-07 11:53:00+00:00,124469.95,124480.95,124469.94,124480.95,5.59681
2025-10-07 11:54:00+00:00,124480.94,124499.96,124480.94,124499.96,1.68607
2025-10-07 11:55:00+00:00,124499.95,124509.6,124490.94,124509.6,8.3639
2025-10-07 11:56:00+00:00,124509.6,124509.6,124431.24,124448.75,24.17277
2025-10-07 11:57:00+00:00,124448.75,124458.52,124448.74,124458.52,10.26026
2025-10-07 11:58:00+00:00,124458.52,124458.52,124438.96,124448.32,9.78622
2025-10-07 11:59:00+00:00,124448.31,124462.21,124440.07,124453.38,5.24422
2025-10-07 12:00:00+00:00,124453.37,124453.38,124443.0,124443.0,3.01432
2025-10-07 12:01:00+00:00,124443.01,124443.01,124442.37,124442.38,1.54108
2025-10-07 12:02:00+00:00,124442.37,124442.38,124414.91,124426.49,4.97802
2025-10-07 12:03:00+00:00,124426.49,124437.89,124426.49,124437.89,2.28654
2025-10-07 12:04:00+00:00,124437.89,124437.89,124437.88,124437.89,1.44255
2025-10-07 12:05:00+00:00,124437.88,124437.89,124416.09,124437.84,5.26108
2025-10-07 12:06:00+00:00,124437.85,124450.23,124437.84,124450.23,5.7155
2025-10-07 12:07:00+00:00,124450.22,124474.01,124450.22,124463.54,14.84545
2025-10-07 12:08:00+00:00,124463.53,124526.06,124463.53,124509.23,8.46817
2025-10-07 12:09:00+00:00,124509.22,124509.23,124453.12,124493.02,5.02421
2025-10-07 12:10:00+00:00,124493.03,124493.03,124432.14,124432.15,3.2793
2025-10-07 12:11:00+00:00,124432.14,124468.0,124432.14,124468.0,10.07633
2025-10-07 12:12:00+00:00,124468.0,124513.8,124467.99,124472.59,9.52204
2025-10-07 12:13:00+00:00,124472.59,124472.6,124446.7,124446.71,4.68232
2025-10-07 12:14:00+00:00,124446.7,124446.71,124441.03,124441.03,2.58232
2025-10-07 12:15:00+00:00,124441.04,124453.71,124430.0,124442.45,6.49274
2025-10-07 12:16:00+00:00,124442.45,124442.45,124387.95,124387.95,24.73396
2025-10-07 12:17:00+00:00,124387.96,124422.8,124365.15,124373.33,9.2099
2025-10-07 12:18:00+00:00,124373.33,124409.5,124373.33,124409.49,4.73558
2025-10-07 12:19:00+00:00,124409.49,124451.91,124407.99,124451.91,10.27533
2025-10-07 12:20:00+00:00,124451.92,124455.2,124434.46,124446.69,3.0638
2025-10-07 12:21:00+00:00,124446.7,124461.01,124438.58,124438.59,3.85396
2025-10-07 12:22:00+00:00,124438.59,124475.18,124438.59,124467.91,4.15319
2025-10-07 12:23:00+00:00,124467.92,124477.14,124467.91,124469.49,8.61882
2025-10-07 12:24:00+00:00,124469.49,124469.5,124424.47,124424.47,3.75021
2025-10-07 12:25:00+00:00,124424.47,124424.48,124393.55,124417.55,18.29628
2025-10-07 12:26:00+00:00,124417.56,124417.56,124390.28,124390.28,5.98964
2025-10-07 12:27:00+00:00,124390.29,124400.0,124390.28,124399.99,3.58853
2025-10-07 12:28:00+00:00,124399.99,124432.81,124399.99,124432.81,12.2044
2025-10-07 12:29:00+00:00,124432.81,124438.0,124432.8,124438.0,6.10424
2025-10-07 12:30:00+00:00,124438.0,124438.0,124387.96,124387.97,2.8031
2025-10-07 12:31:00+00:00,124387.96,124412.66,124340.0,124412.66,6.97581
2025-10-07 12:32:00+00:00,124412.65,124460.71,124412.65,124460.7,3.8975
2025-10-07 12:33:00+00:00,124460.7,124478.51,124460.7,124477.03,8.91906
2025-10-07 12:34:00+00:00,124477.04,124477.04,124470.41,124470.42,6.82317
2025-10-07 12:35:00+00:00,124470.42,124472.29,124468.98,124468.98,3.31892
2025-10-07 12:36:00+00:00,124468.99,124468.99,124426.3,124444.42,10.43795
2025-10-07 12:37:00+00:00,124444.42,124497.19,124444.42,124497.19,2.67354
2025-10-07 12:38:00+00:00,124497.18,124560.0,124497.18,124550.48,10.93916
2025-10-07 12:39:00+00:00,124550.49,124572.5,124550.48,124572.5,3.90983
2025-10-07 12:40:00+00:00,124572.49,124576.71,124518.85,124558.47,18.21973
2025-10-07 12:41:00+00:00,124558.47,124570.19,124543.57,124543.57,31.15235
2025-10-07 12:42:00+00:00,124543.58,124562.92,124543.57,124562.92,9.9938
2025-10-07 12:43:00+00:00,124562.91,124569.83,124550.0,124550.0,8.99153
2025-10-07 12:44:00+00:00,124550.0,124590.38,124538.73,124590.38,21.09178
2025-10-07 12:45:00+00:00,124590.38,124855.54,124590.37,124761.41,74.97688
2025-10-07 12:46:00+00:00,124761.42,124831.34,124761.42,124820.5,26.79113
2025-10-07 12:47:00+00:00,124820.5,124878.01,124808.0,124846.8,9.97606
2025-10-07 12:48:00+00:00,124846.8,124846.8,124774.96,124796.21,13.32645
2025-10-07 12:49:00+00:00,124796.66,124926.56,124796.66,124904.5,12.79016
2025-10-07 12:50:00+00:00,124904.5,124908.39,124824.59,124844.67,13.9531
2025-10-07 12:51:00+00:00,124844.67,124900.0,124844.66,124863.11,8.23452
2025-10-07 12:52:00+00:00,124863.12,124863.12,124859.9,124859.91,2.01546
2025-10-07 12:53:00+00:00,124859.9,124895.96,124859.9,124895.96,2.629
2025-10-07 12:54:00+00:00,124895.96,124926.76,124895.95,124926.76,2.69525
2025-10-07 12:55:00+00:00,124926.75,124984.35,124926.75,124978.93,12.14702
2025-10-07 12:56:00+00:00,124978.93,125125.0,124978.93,125067.52,159.62797
2025-10-07 12:57:00+00:00,125067.53,125126.0,124898.75,124898.76,34.99498
2025-10-07 12:58:00+00:00,124898.76,124963.5,124898.75,124919.26,7.9747
2025-10-07 12:59:00+00:00,124919.26,124971.61,124917.99,124917.99,7.46291
2025-10-07 13:00:00+00:00,124918.0,125046.16,124917.99,125013.25,13.05625
2025-10-07 13:01:00+00:00,125013.25,125013.26,124877.69,124877.69,21.32857
2025-10-07 13:02:00+00:00,124877.7,124890.0,124844.0,124844.01,11.71472
2025-10-07 13:03:00+00:00,124844.01,124869.96,124793.99,124793.99,10.48596
2025-10-07 13:04:00+00:00,124794.0,124826.45,124768.38,124826.45,28.74746
2025-10-07 13:05:00+00:00,124826.45,124844.73,124739.92,124844.72,114.78961
2025-10-07 13:06:00+00:00,124844.73,124846.56,124784.33,124793.09,20.53502
2025-10-07 13:07:00+00:00,124793.09,124793.1,124747.46,124747.46,4.91967
2025-10-07 13:08:00+00:00,124747.46,124750.0,124742.0,124749.99,5.84788
2025-10-07 13:09:00+00:00,124749.99,124866.47,124749.99,124837.83,12.76562
2025-10-07 13:10:00+00:00,124837.83,124868.37,124829.11,124833.25,7.76889
2025-10-07 13:11:00+00:00,124833.25,124833.26,124802.0,124832.0,3.49375
2025-10-07 13:12:00+00:00,124832.0,124844.6,124831.99,124844.6,2.09265
2025-10-07 13:13:00+00:00,124844.59,124844.6,124742.72,124752.75,10.99765
2025-10-07 13:14:00+00:00,124752.74,124783.5,124742.8,124742.81,6.41079
2025-10-07 13:15:00+00:00,124742.81,124742.81,124655.69,124655.69,24.59614
2025-10-07 13:16:00+00:00,124655.7,124705.97,124629.25,124705.96,15.62063
2025-10-07 13:17:00+00:00,124705.96,124724.0,124705.96,124723.99,12.36731
2025-10-07 13:18:00+00:00,124723.99,124724.0,124682.78,124706.65,6.16632
2025-10-07 13:19:00+00:00,124706.64,124706.65,124639.76,124657.99,7.55646
2025-10-07 13:20:00+00:00,124657.99,124687.77,124657.99,124682.35,4.60266
2025-10-07 13:21:00+00:00,124682.34,124703.17,124641.0,124703.16,9.5058
2025-10-07 13:22:00+00:00,124703.17,124761.42,124698.15,124761.41,6.73066
2025-10-07 13:23:00+00:00,124761.42,124761.42,124702.78,124732.7,7.12654
2025-10-07 13:24:00+00:00,124732.7,124732.7,124677.62,124677.62,3.71291
2025-10-07 13:25:00+00:00,124677.62,124719.26,124677.62,124691.48,3.98184
2025-10-07 13:26:00+00:00,124691.49,124726.0,124672.77,124725.99,5.8752
2025-10-07 13:27:00+00:00,124726.0,124781.22,124725.99,124781.21,5.14459
2025-10-07 13:28:00+00:00,124781.22,124788.83,124753.1,124786.88,8.26514
2025-10-07 13:29:00+00:00,124786.88,124812.0,124774.39,124804.14,9.91288
2025-10-07 13:30:00+00:00,124804.14,124804.14,124694.77,124694.77,29.68732
2025-10-07 13:31:00+00:00,124694.78,124726.1,124635.67,124635.68,12.41669
2025-10-07 13:32:00+00:00,124635.68,124718.0,124600.0,124600.0,10.57409
2025-10-07 13:33:00+00:00,124600.0,124600.01,124496.17,124568.17,19.84917
2025-10-07 13:34:00+00:00,124568.16,124660.0,124561.96,124657.28,12.0974
2025-10-07 13:35:00+00:00,124657.28,124734.57,124605.26,124734.57,18.70326
2025-10-07 13:36:00+00:00,124734.57,124734.57,124543.11,124611.14,37.33425
2025-10-07 13:37:00+00:00,124611.14,124611.14,124532.87,124534.44,6.92928
2025-10-07 13:38:00+00:00,124534.44,124545.79,124320.0,124419.99,41.01256
2025-10-07 13:39:00+00:00,124419.98,124419.99,124200.77,124309.5,50.57229
2025-10-07 13:40:00+00:00,124309.5,124309.5,124180.93,124184.84,32.24422
2025-10-07 13:41:00+00:00,124184.84,124294.59,124135.63,124293.04,17.20716
2025-10-07 13:42:00+00:00,124292.02,124338.01,123907.93,124036.69,69.39517
2025-10-07 13:43:00+00:00,124036.69,124076.49,123643.33,123838.81,121.89712
2025-10-07 13:44:00+00:00,123838.8,123888.37,123719.14,123792.2,64.2755
2025-10-07 13:45:00+00:00,123792.2,123792.2,123288.0,123530.0,342.16844
2025-10-07 13:46:00+00:00,123530.01,123699.11,123500.89,123648.49,66.04678
2025-10-07 13:47:00+00:00,123648.49,123675.72,123424.0,123456.01,44.10925
2025-10-07 13:48:00+00:00,123456.01,123655.62,123456.01,123655.61,27.67502
2025-10-07 13:49:00+00:00,123655.61,123721.07,123600.0,123667.95,21.35557
2025-10-07 13:50:00+00:00,123667.94,123778.34,123649.61,123708.16,23.22474
2025-10-07 13:51:00+00:00,123708.16,123788.54,123669.27,123713.99,23.35053
2025-10-07 13:52:00+00:00,123713.99,123740.0,123558.0,123604.09,50.49609
2025-10-07 13:53:00+00:00,123604.09,123604.1,123512.99,123587.87,33.15886
2025-10-07 13:54:00+00:00,123587.87,123615.66,123542.05,123576.37,28.52062
2025-10-07 13:55:00+00:00,123576.37,123677.79,123567.26,123661.56,22.52717
2025-10-07 13:56:00+00:00,123661.56,123717.15,123629.74,123683.82,21.31247
2025-10-07 13:57:00+00:00,123683.82,123800.06,123642.0,123799.99,18.29361
2025-10-07 13:58:00+00:00,123800.0,123951.78,123799.99,123935.49,47.32924
2025-10-07 13:59:00+00:00,123935.48,123936.65,123884.78,123891.68,15.00756
2025-10-07 14:00:00+00:00,123891.68,124000.0,123828.05,123829.6,50.04484
2025-10-07 14:01:00+00:00,123829.6,123829.6,123688.2,123755.25,28.99344
2025-10-07 14:02:00+00:00,123755.25,123807.26,123625.0,123688.57,24.08936
2025-10-07 14:03:00+00:00,123688.57,123692.41,123530.0,123589.85,37.90927
2025-10-07 14:04:00+00:00,123589.85,123607.26,123382.0,123410.21,50.78236
2025-10-07 14:05:00+00:00,123410.21,123466.36,123371.5,123462.54,41.40485
2025-10-07 14:06:00+00:00,123462.54,123492.7,123405.33,123487.46,12.78932
2025-10-07 14:07:00+00:00,123487.46,123514.63,123259.0,123295.55,40.92648
2025-10-07 14:08:00+00:00,123295.56,123311.04,122968.52,123040.22,324.35151
2025-10-07 14:09:00+00:00,123040.22,123199.35,123013.84,123088.36,81.04046
2025-10-07 14:10:00+00:00,123088.36,123092.62,122777.03,122822.78,91.49682
2025-10-07 14:11:00+00:00,122822.77,123074.07,122792.65,123074.07,29.37448
2025-10-07 14:12:00+00:00,123074.07,123074.07,122812.14,122913.99,39.0951
2025-10-07 14:13:00+00:00,122914.0,122914.0,122766.94,122855.94,41.283
2025-10-07 14:14:00+00:00,122855.94,122855.95,122750.0,122831.93,30.99095
2025-10-07 14:15:00+00:00,122831.93,123000.0,122772.46,123000.0,55.70615
2025-10-07 14:16:00+00:00,122999.99,123024.61,122864.88,122992.15,43.37396
2025-10-07 14:17:00+00:00,122992.14,123014.53,122952.37,122996.33,20.86242
2025-10-07 14:18:00+00:00,122996.34,123044.0,122944.84,122974.0,32.60759
2025-10-07 14:19:00+00:00,122973.99,123011.54,122963.11,122992.66,8.58058
2025-10-07 14:20:00+00:00,122992.66,123157.89,122950.0,123138.19,25.38884
2025-10-07 14:21:00+00:00,123138.18,123262.0,123138.18,123216.44,33.60532
2025-10-07 14:22:00+00:00,123216.43,123322.3,123212.13,123212.14,32.92728
2025-10-07 14:23:00+00:00,123212.13,123212.14,123135.08,123164.0,15.51225
2025-10-07 14:24:00+00:00,123164.0,123194.02,123123.0,123131.43,22.65572
2025-10-07 14:25:00+00:00,123131.43,123141.99,123059.42,123114.97,19.17518
2025-10-07 14:26:00+00:00,123114.97,123114.97,123000.0,123014.0,10.54209
2025-10-07 14:27:00+00:00,123014.0,123069.57,122921.41,122946.21,32.36136
2025-10-07 14:28:00+00:00,122946.2,122993.64,122900.0,122933.98,21.09459
2025-10-07 14:29:00+00:00,122933.98,122945.96,122845.11,122887.64,18.14853
2025-10-07 14:30:00+00:00,122887.64,122913.42,122772.6,122788.42,39.65976
2025-10-07 14:31:00+00:00,122788.42,122887.73,122714.28,122853.67,39.5676
2025-10-07 14:32:00+00:00,122853.66,122982.0,122838.25,122917.16,31.49512
2025-10-07 14:33:00+00:00,122917.15,122978.59,122850.3,122913.98,31.24526
2025-10-07 14:34:00+00:00,122913.99,123035.62,122913.99,123018.19,30.42755
2025-10-07 14:35:00+00:00,123018.19,123018.19,122926.46,122960.79,25.5965
2025-10-07 14:36:00+00:00,122960.8,122960.8,122821.58,122823.06,25.40591
2025-10-07 14:37:00+00:00,122823.05,122847.98,122717.0,122782.76,30.99324
2025-10-07 14:38:00+00:00,122782.77,122798.0,122660.45,122732.59,27.4115
2025-10-07 14:39:00+00:00,122732.59,122771.35,122693.27,122724.91,29.07358
2025-10-07 14:40:00+00:00,122724.92,122724.92,122575.48,122650.91,42.51613
2025-10-07 14:41:00+00:00,122650.91,122662.0,122595.63,122638.5,16.68572
2025-10-07 14:42:00+00:00,122638.49,122743.31,122626.72,122729.64,34.57792
2025-10-07 14:43:00+00:00,122729.65,122760.56,122669.42,122760.55,24.41452
2025-10-07 14:44:00+00:00,122760.56,122815.94,122705.09,122815.93,21.01233
2025-10-07 14:45:00+00:00,122815.94,122888.32,122770.11,122851.34,37.24033
2025-10-07 14:46:00+00:00,122851.33,122950.0,122836.14,122950.0,22.1907
2025-10-07 14:47:00+00:00,122949.99,123000.0,122886.48,122886.48,26.92577
2025-10-07 14:48:00+00:00,122886.49,122941.89,122886.48,122926.01,22.62845
2025-10-07 14:49:00+00:00,122926.01,122930.0,122782.19,122817.83,28.466
2025-10-07 14:50:00+00:00,122817.82,122817.83,122670.0,122693.77,15.35855
2025-10-07 14:51:00+00:00,122693.77,122708.13,122656.0,122697.4,12.51694
2025-10-07 14:52:00+00:00,122697.4,122697.4,122617.06,122644.62,13.63616
2025-10-07 14:53:00+00:00,122644.62,122659.61,122568.0,122593.95,35.0936
2025-10-07 14:54:00+00:00,122593.95,122687.65,122579.99,122674.29,25.67372
2025-10-07 14:55:00+00:00,122674.29,122683.37,122652.94,122678.76,12.92584
2025-10-07 14:56:00+00:00,122678.76,122722.65,122589.81,122643.99,18.49795
2025-10-07 14:57:00+00:00,122644.0,122781.74,122643.99,122771.32,21.07858
2025-10-07 14:58:00+00:00,122771.32,122771.33,122717.15,122764.22,5.25581
2025-10-07 14:59:00+00:00,122764.22,122764.23,122716.15,122725.36,14.23256
2025-10-07 15:00:00+00:00,122725.36,122865.36,122725.36,122865.36,21.55056
2025-10-07 15:01:00+00:00,122865.36,122865.36,122727.66,122842.53,15.37448
2025-10-07 15:02:00+00:00,122843.05,122854.0,122731.25,122731.26,11.95846
2025-10-07 15:03:00+00:00,122731.26,122731.26,122630.21,122635.53,19.27261
2025-10-07 15:04:00+00:00,122635.52,122656.72,122568.0,122628.83,41.6929
2025-10-07 15:05:00+00:00,122628.83,122628.84,122483.14,122483.14,51.85942
2025-10-07 15:06:00+00:00,122483.14,122491.82,122303.24,122312.13,49.66088
2025-10-07 15:07:00+00:00,122312.14,122364.81,121968.82,122083.36,231.72018
2025-10-07 15:08:00+00:00,122083.37,122212.0,122008.0,122149.38,75.31544
2025-10-07 15:09:00+00:00,122149.45,122230.14,121732.75,121789.16,192.17487
2025-10-07 15:10:00+00:00,121789.15,122088.89,121695.95,122088.89,92.64618
2025-10-07 15:11:00+00:00,122088.88,122214.0,122057.62,122191.04,61.8975
2025-10-07 15:12:00+00:00,122191.04,122238.0,121988.61,122067.23,34.16451
2025-10-07 15:13:00+00:00,122067.24,122098.0,121947.49,121995.49,37.71136
2025-10-07 15:14:00+00:00,121995.5,122048.88,121900.0,121951.08,29.89935
2025-10-07 15:15:00+00:00,121951.08,121976.99,121852.16,121976.99,30.25896
2025-10-07 15:16:00+00:00,121977.0,122178.66,121957.24,122164.05,40.27918
2025-10-07 15:17:00+00:00,122164.05,122329.76,122164.01,122307.99,40.2239
2025-10-07 15:18:00+00:00,122308.0,122336.79,122118.47,122154.66,22.24734
2025-10-07 15:19:00+00:00,122154.66,122189.05,122121.78,122183.17,13.29541
2025-10-07 15:20:00+00:00,122183.17,122300.03,122165.5,122233.8,24.25074
2025-10-07 15:21:00+00:00,122233.81,122322.24,122232.14,122322.24,19.3008
2025-10-07 15:22:00+00:00,122322.24,122371.28,122300.0,122318.04,24.56637
2025-10-07 15:23:00+00:00,122318.04,122318.04,122228.68,122260.37,12.73046
2025-10-07 15:24:00+00:00,122260.38,122322.46,122203.41,122322.45,29.43168
2025-10-07 15:25:00+00:00,122322.45,122334.18,122277.98,122302.99,10.21789
2025-10-07 15:26:00+00:00,122302.99,122307.52,122088.09,122135.69,28.32105
2025-10-07 15:27:00+00:00,122135.69,122240.0,122080.5,122207.25,92.70889
2025-10-07 15:28:00+00:00,122207.25,122231.88,122057.12,122137.9,23.51828
2025-10-07 15:29:00+00:00,122137.9,122157.31,122068.48,122079.96,17.40992
2025-10-07 15:30:00+00:00,122079.97,122084.0,122000.79,122000.8,20.82214
2025-10-07 15:31:00+00:00,122000.8,122124.0,121971.8,122030.68,35.80415
2025-10-07 15:32:00+00:00,122030.69,122034.0,121924.0,121946.02,19.06486
2025-10-07 15:33:00+00:00,121946.03,121951.0,121825.68,121895.13,38.11842
2025-10-07 15:34:00+00:00,121895.13,121895.14,121837.64,121871.24,26.18099
2025-10-07 15:35:00+00:00,121871.25,121942.76,121871.25,121890.24,26.31785
2025-10-07 15:36:00+00:00,121890.24,121946.99,121800.0,121800.01,20.78314
2025-10-07 15:37:00+00:00,121800.01,121800.01,121666.0,121666.01,86.98049
2025-10-07 15:38:00+00:00,121666.01,121666.01,121481.48,121557.56,105.73629
2025-10-07 15:39:00+00:00,121557.56,121599.56,121386.03,121520.01,109.62652
2025-10-07 15:40:00+00:00,121520.0,121524.0,121172.89,121503.99,149.31651
2025-10-07 15:41:00+00:00,121504.0,121738.94,121449.85,121654.01,71.5252
2025-10-07 15:42:00+00:00,121654.01,121817.0,121628.29,121758.02,40.77234
2025-10-07 15:43:00+00:00,121758.02,121894.0,121711.72,121776.12,42.55075
2025-10-07 15:44:00+00:00,121776.12,121802.1,121658.7,121683.26,38.99025
2025-10-07 15:45:00+00:00,121683.26,121702.0,121553.39,121696.01,39.9846
2025-10-07 15:46:00+00:00,121696.02,121742.0,121569.48,121680.09,25.93944
2025-10-07 15:47:00+00:00,121680.09,121750.99,121550.48,121589.22,44.84961
2025-10-07 15:48:00+00:00,121585.85,121585.85,121366.97,121534.0,97.27388
2025-10-07 15:49:00+00:00,121533.99,121610.0,121471.72,121505.01,33.00854
2025-10-07 15:50:00+00:00,121503.69,121594.16,121350.0,121408.6,32.03469
2025-10-07 15:51:00+00:00,121408.6,121449.45,121378.17,121425.79,31.3748
2025-10-07 15:52:00+00:00,121425.79,121430.0,121335.02,121423.95,18.88019
2025-10-07 15:53:00+00:00,121423.94,121600.0,121423.94,121574.29,15.87786
2025-10-07 15:54:00+00:00,121574.29,121615.12,121453.64,121461.98,25.40507
2025-10-07 15:55:00+00:00,121461.98,121550.0,121459.0,121544.53,33.62854
2025-10-07 15:56:00+00:00,121544.53,121644.0,121543.54,121643.99,34.44049
2025-10-07 15:57:00+00:00,121643.99,121815.15,121603.08,121802.95,68.74476
2025-10-07 15:58:00+00:00,121802.96,121857.44,121742.9,121742.91,32.62205
2025-10-07 15:59:00+00:00,121742.91,121878.96,121742.9,121846.01,36.35923
2025-10-07 16:00:00+00:00,121846.01,121860.25,121756.49,121842.3,54.85482
2025-10-07 16:01:00+00:00,121842.31,121848.02,121722.35,121840.4,54.55103
2025-10-07 16:02:00+00:00,121840.39,121840.4,121706.19,121758.1,30.11259
2025-10-07 16:03:00+00:00,121758.09,121822.58,121726.01,121789.01,31.81916
2025-10-07 16:04:00+00:00,121789.01,121806.74,121704.95,121728.45,25.40706
2025-10-07 16:05:00+00:00,121728.44,121728.45,121638.78,121640.65,36.93254
2025-10-07 16:06:00+00:00,121640.66,121710.62,121614.65,121622.59,21.05916
2025-10-07 16:07:00+00:00,121622.58,121622.59,121391.01,121518.62,82.83423
2025-10-07 16:08:00+00:00,121518.62,121697.98,121504.72,121649.01,16.68365
2025-10-07 16:09:00+00:00,121649.02,121675.99,121597.3,121650.34,18.198
2025-10-07 16:10:00+00:00,121650.35,121707.08,121568.1,121668.82,17.75637
2025-10-07 16:11:00+00:00,121668.82,121707.08,121630.19,121707.08,60.45499
2025-10-07 16:12:00+00:00,121707.08,121707.08,121618.23,121636.79,29.76354
2025-10-07 16:13:00+00:00,121636.79,121673.43,121604.89,121673.42,10.95774
2025-10-07 16:14:00+00:00,121673.42,121673.43,121512.72,121531.67,19.24981
2025-10-07 16:15:00+00:00,121531.68,121624.49,121518.62,121624.48,8.59086
2025-10-07 16:16:00+00:00,121624.48,121636.04,121543.4,121636.03,17.41431
2025-10-07 16:17:00+00:00,121636.04,121640.0,121590.29,121630.47,16.99647
2025-10-07 16:18:00+00:00,121630.47,121646.0,121584.19,121645.99,14.95805
2025-10-07 16:19:00+00:00,121646.0,121650.26,121569.61,121595.84,16.65612
2025-10-07 16:20:00+00:00,121595.85,121595.85,121500.0,121500.01,13.61395
2025-10-07 16:21:00+00:00,121500.0,121568.57,121443.74,121543.8,25.35459
2025-10-07 16:22:00+00:00,121543.79,121547.03,121382.24,121398.75,17.46626
2025-10-07 16:23:00+00:00,121398.76,121398.76,121079.0,121215.04,116.95873
2025-10-07 16:24:00+00:00,121215.04,121243.98,120954.9,121020.0,135.73724
2025-10-07 16:25:00+00:00,121020.01,121080.42,120800.02,121030.85,103.60798
2025-10-07 16:26:00+00:00,121030.85,121229.84,120964.66,121219.85,65.5791
2025-10-07 16:27:00+00:00,121219.86,121293.36,121201.67,121255.15,28.93332
2025-10-07 16:28:00+00:00,121255.15,121255.15,121159.02,121159.03,16.45953
2025-10-07 16:29:00+00:00,121159.03,121194.76,121116.98,121143.21,13.47831
2025-10-07 16:30:00+00:00,121143.21,121300.0,121140.8,121249.09,24.79014
2025-10-07 16:31:00+00:00,121249.09,121406.74,121207.07,121366.5,31.12855
2025-10-07 16:32:00+00:00,121366.5,121512.07,121366.5,121473.99,30.47953
2025-10-07 16:33:00+00:00,121474.0,121532.1,121430.33,121498.97,25.73737
2025-10-07 16:34:00+00:00,121498.97,121545.09,121469.78,121500.0,37.8629
2025-10-07 16:35:00+00:00,121500.0,121608.0,121500.0,121607.99,21.22309
2025-10-07 16:36:00+00:00,121608.0,121654.33,121577.8,121646.05,34.18203
2025-10-07 16:37:00+00:00,121646.04,121759.5,121646.04,121759.49,25.78091
2025-10-07 16:38:00+00:00,121759.49,121806.51,121731.51,121803.99,32.57164
2025-10-07 16:39:00+00:00,121803.99,121822.59,121758.0,121775.34,21.31367
2025-10-07 16:40:00+00:00,121775.35,121813.07,121759.0,121813.06,37.91165
2025-10-07 16:41:00+00:00,121813.07,121855.17,121775.99,121808.95,52.74843
2025-10-07 16:42:00+00:00,121808.95,121834.0,121798.6,121806.35,15.61724
2025-10-07 16:43:00+00:00,121806.34,121806.34,121704.98,121704.99,34.42596
2025-10-07 16:44:00+00:00,121704.99,121763.39,121700.0,121763.39,33.93435
2025-10-07 16:45:00+00:00,121763.38,121882.34,121722.85,121882.33,18.65123
2025-10-07 16:46:00+00:00,121882.33,122000.0,121871.81,121988.24,37.53034
2025-10-07 16:47:00+00:00,121988.23,122034.16,121939.6,121954.36,61.18751
2025-10-07 16:48:00+00:00,121954.36,122002.18,121954.36,121981.16,21.74446
2025-10-07 16:49:00+00:00,121981.15,122044.4,121981.15,122044.39,28.96096
2025-10-07 16:50:00+00:00,122044.4,122084.14,121972.01,121972.01,30.56241
2025-10-07 16:51:00+00:00,121972.01,122052.38,121971.14,122036.97,33.55827
2025-10-07 16:52:00+00:00,122036.97,122040.97,121982.58,121988.66,42.86762
2025-10-07 16:53:00+00:00,121988.66,121988.67,121909.06,121942.39,30.1159
2025-10-07 16:54:00+00:00,121942.38,121942.39,121870.98,121891.07,42.98118
2025-10-07 16:55:00+00:00,121891.07,121891.08,121787.37,121873.96,24.77511
2025-10-07 16:56:00+00:00,121873.95,121873.95,121806.9,121843.55,9.66967
2025-10-07 16:57:00+00:00,121843.55,121843.55,121774.97,121790.82,16.42766
2025-10-07 16:58:00+00:00,121790.81,121791.53,121622.21,121681.24,51.3279
2025-10-07 16:59:00+00:00,121681.23,121686.77,121641.1,121684.17,19.103
2025-10-07 17:00:00+00:00,121684.17,121696.58,121650.0,121661.8,13.54483
2025-10-07 17:01:00+00:00,121661.8,121686.37,121630.41,121630.42,16.98239
2025-10-07 17:02:00+00:00,121630.41,121819.87,121630.41,121750.55,20.43655
2025-10-07 17:03:00+00:00,121750.54,121805.4,121732.0,121805.4,30.99517
2025-10-07 17:04:00+00:00,121805.4,121822.58,121735.11,121744.85,28.66003
2025-10-07 17:05:00+00:00,121744.85,121751.5,121633.57,121673.04,25.40104
2025-10-07 17:06:00+00:00,121673.04,121766.88,121673.04,121766.87,11.47337
2025-10-07 17:07:00+00:00,121766.88,121766.88,121654.78,121695.99,10.07448
2025-10-07 17:08:00+00:00,121695.99,121696.0,121605.14,121605.15,17.63227
2025-10-07 17:09:00+00:00,121605.15,121605.15,121530.84,121566.76,17.1399
2025-10-07 17:10:00+00:00,121566.77,121612.88,121566.77,121573.18,14.47118
2025-10-07 17:11:00+00:00,121573.19,121593.96,121407.33,121550.39,65.17349
2025-10-07 17:12:00+00:00,121550.39,121550.39,121340.72,121388.03,22.12903
2025-10-07 17:13:00+00:00,121388.02,121458.0,121370.84,121448.22,35.1445
2025-10-07 17:14:00+00:00,121448.21,121545.92,121448.21,121477.61,98.32304
2025-10-07 17:15:00+00:00,121477.6,121549.99,121470.84,121486.64,36.16048
2025-10-07 17:16:00+00:00,121486.63,121550.0,121486.63,121502.41,17.6779
2025-10-07 17:17:00+00:00,121502.42,121516.5,121348.04,121372.32,15.25448
2025-10-07 17:18:00+00:00,121372.31,121372.32,121270.43,121355.38,113.10309
2025-10-07 17:19:00+00:00,121355.37,121371.21,121290.01,121290.01,22.64197
2025-10-07 17:20:00+00:00,121290.01,121380.0,121261.16,121315.99,25.10163
2025-10-07 17:21:00+00:00,121315.99,121393.84,121314.81,121374.99,15.37752
2025-10-07 17:22:00+00:00,121375.0,121406.74,121347.56,121347.56,13.04616
2025-10-07 17:23:00+00:00,121347.56,121389.57,121293.01,121372.88,6.88401
2025-10-07 17:24:00+00:00,121372.88,121379.99,121334.43,121347.29,17.92921
2025-10-07 17:25:00+00:00,121347.3,121347.3,121301.53,121341.03,8.83784
2025-10-07 17:26:00+00:00,121341.02,121406.98,121337.97,121342.52,13.94231
2025-10-07 17:27:00+00:00,121342.52,121355.47,121302.77,121302.77,21.32178
2025-10-07 17:28:00+00:00,121302.77,121302.78,121222.84,121291.5,10.06756
2025-10-07 17:29:00+00:00,121291.49,121303.16,121226.37,121295.55,7.81199
2025-10-07 17:30:00+00:00,121295.55,121336.01,121295.55,121336.01,8.20663
2025-10-07 17:31:00+00:00,121336.0,121426.31,121336.0,121339.21,23.8205
2025-10-07 17:32:00+00:00,121339.2,121426.0,121339.2,121406.73,6.3408
2025-10-07 17:33:00+00:00,121406.73,121406.74,121387.32,121387.33,2.93155
2025-10-07 17:34:00+00:00,121387.32,121418.0,121379.39,121418.0,3.28842
2025-10-07 17:35:00+00:00,121418.0,121418.0,121274.22,121298.75,16.11257
2025-10-07 17:36:00+00:00,121298.74,121298.75,121219.75,121267.43,12.99338
2025-10-07 17:37:00+00:00,121267.42,121267.42,121164.25,121210.9,22.64282
2025-10-07 17:38:00+00:00,121210.9,121255.12,121198.81,121250.92,9.14148
2025-10-07 17:39:00+00:00,121250.92,121327.19,121241.05,121320.47,9.18321
2025-10-07 17:40:00+00:00,121320.48,121359.7,121285.24,121314.2,5.68193
2025-10-07 17:41:00+00:00,121314.2,121358.0,121306.94,121337.18,15.45352
2025-10-07 17:42:00+00:00,121337.17,121357.92,121322.0,121357.92,5.37474
2025-10-07 17:43:00+00:00,121357.92,121365.67,121341.74,121341.75,4.52581
2025-10-07 17:44:00+00:00,121341.75,121406.31,121341.74,121406.31,14.19645
2025-10-07 17:45:00+00:00,121406.3,121539.93,121406.3,121504.51,26.67422
2025-10-07 17:46:00+00:00,121504.52,121546.55,121504.51,121504.52,14.30777
2025-10-07 17:47:00+00:00,121504.52,121589.37,121500.59,121571.03,18.50781
2025-10-07 17:48:00+00:00,121571.03,121585.54,121512.51,121514.6,20.03225
2025-10-07 17:49:00+00:00,121514.59,121534.29,121487.82,121487.83,15.01212
2025-10-07 17:50:00+00:00,121487.83,121487.83,121290.0,121299.17,36.80544
2025-10-07 17:51:00+00:00,121299.17,121299.18,121208.84,121236.86,30.09042
2025-10-07 17:52:00+00:00,121236.87,121242.29,121150.46,121159.01,28.62512
2025-10-07 17:53:00+00:00,121159.01,121187.28,121140.79,121167.08,14.85012
2025-10-07 17:54:00+00:00,121167.07,121180.13,121157.45,121167.26,11.40274
2025-10-07 17:55:00+00:00,121167.27,121177.25,121100.0,121167.49,24.92381
2025-10-07 17:56:00+00:00,121167.49,121241.92,121167.48,121230.01,7.9516
2025-10-07 17:57:00+00:00,121230.01,121268.6,121173.66,121219.78,14.83
2025-10-07 17:58:00+00:00,121219.78,121219.78,121140.0,121187.44,29.17219
2025-10-07 17:59:00+00:00,121187.44,121187.44,121130.01,121130.02,15.31387
2025-10-07 18:00:00+00:00,121130.02,121150.0,121100.0,121100.0,14.74721
2025-10-07 18:01:00+00:00,121100.01,121111.88,121005.01,121094.37,33.87722
2025-10-07 18:02:00+00:00,121094.36,121117.05,120986.0,121000.0,46.85368
2025-10-07 18:03:00+00:00,121000.0,121004.46,120900.0,120934.74,34.47057
2025-10-07 18:04:00+00:00,120934.73,120972.61,120909.99,120956.89,14.64286
2025-10-07 18:05:00+00:00,120956.89,120972.6,120900.0,120900.0,10.28342
2025-10-07 18:06:00+00:00,120900.0,120942.82,120861.45,120942.82,21.78304
2025-10-07 18:07:00+00:00,120942.82,121128.33,120942.82,121128.32,19.11839
2025-10-07 18:08:00+00:00,121128.33,121149.81,121072.83,121134.82,17.20681
2025-10-07 18:09:00+00:00,121134.81,121158.92,121091.39,121093.21,12.49247
2025-10-07 18:10:00+00:00,121093.22,121148.38,121085.43,121148.38,5.07866
2025-10-07 18:11:00+00:00,121148.37,121198.82,121115.11,121183.38,13.85696
2025-10-07 18:12:00+00:00,121183.38,121306.0,121183.38,121290.45,14.92881
2025-10-07 18:13:00+00:00,121290.45,121306.13,121258.28,121270.85,10.0482
2025-10-07 18:14:00+00:00,121270.85,121288.91,121183.41,121183.42,7.93243
2025-10-07 18:15:00+00:00,121183.41,121198.42,121150.0,121150.0,10.05459
2025-10-07 18:16:00+00:00,121150.01,121225.4,121140.0,121218.15,6.00793
2025-10-07 18:17:00+00:00,121218.14,121218.14,121183.15,121183.15,7.74482
2025-10-07 18:18:00+00:00,121183.15,121189.25,121026.7,121026.7,24.95904
2025-10-07 18:19:00+00:00,121026.7,121043.13,120960.9,121043.12,28.00012
2025-10-07 18:20:00+00:00,121043.12,121043.13,120918.7,120989.99,23.25507
2025-10-07 18:21:00+00:00,120990.0,120990.0,120941.53,120978.35,9.28944
2025-10-07 18:22:00+00:00,120978.36,120984.82,120874.56,120899.99,20.14992
2025-10-07 18:23:00+00:00,120899.99,120921.5,120861.2,120862.5,23.85429
2025-10-07 18:24:00+00:00,120862.5,120909.38,120862.49,120880.0,18.36361
2025-10-07 18:25:00+00:00,120880.0,120894.79,120684.63,120779.91,101.2955
2025-10-07 18:26:00+00:00,120779.92,120844.35,120666.66,120699.78,77.82642
2025-10-07 18:27:00+00:00,120699.77,120745.62,120682.84,120735.41,21.35203
2025-10-07 18:28:00+00:00,120735.41,120735.42,120574.94,120659.97,52.79553
2025-10-07 18:29:00+00:00,120659.97,120759.59,120606.0,120747.51,29.79601
2025-10-07 18:30:00+00:00,120747.51,120795.2,120710.0,120734.8,16.93533
2025-10-07 18:31:00+00:00,120734.81,120843.31,120734.8,120814.01,22.62291
2025-10-07 18:32:00+00:00,120814.01,120868.35,120806.3,120847.83,13.45075
2025-10-07 18:33:00+00:00,120847.83,120915.06,120847.83,120856.4,19.27959
2025-10-07 18:34:00+00:00,120856.4,120868.46,120772.27,120802.0,10.42375
2025-10-07 18:35:00+00:00,120802.0,120839.83,120736.96,120749.79,8.14967
2025-10-07 18:36:00+00:00,120749.8,120764.52,120713.5,120748.72,14.9564
2025-10-07 18:37:00+00:00,120748.72,120780.31,120729.52,120730.04,8.09983
2025-10-07 18:38:00+00:00,120730.03,120757.97,120684.31,120688.31,13.695
2025-10-07 18:39:00+00:00,120688.31,120696.03,120684.06,120696.02,14.26772
2025-10-07 18:40:00+00:00,120696.03,120700.44,120626.33,120626.33,18.87472
2025-10-07 18:41:00+00:00,120626.33,120740.05,120600.0,120723.88,14.61528
2025-10-07 18:42:00+00:00,120723.88,120762.32,120713.11,120735.44,4.35815
2025-10-07 18:43:00+00:00,120735.44,120767.84,120715.26,120767.83,4.03181
2025-10-07 18:44:00+00:00,120767.83,120824.2,120767.83,120791.11,8.12142
2025-10-07 18:45:00+00:00,120791.1,120824.21,120780.45,120785.72,5.65668
2025-10-07 18:46:00+00:00,120785.72,120821.74,120774.09,120821.74,8.09773
2025-10-07 18:47:00+00:00,120821.75,120876.19,120758.93,120868.38,11.06537
2025-10-07 18:48:00+00:00,120868.38,120897.61,120868.37,120869.9,7.93894
2025-10-07 18:49:00+00:00,120869.89,120875.87,120863.13,120875.87,2.76789
2025-10-07 18:50:00+00:00,120875.86,120984.21,120875.86,120984.21,23.60353
2025-10-07 18:51:00+00:00,120984.21,120984.21,120810.01,120846.67,34.19024
2025-10-07 18:52:00+00:00,120846.66,120872.52,120838.92,120853.33,19.12531
2025-10-07 18:53:00+00:00,120853.34,120853.34,120837.43,120843.39,7.74964
2025-10-07 18:54:00+00:00,120843.39,120849.39,120802.0,120833.47,7.34518
2025-10-07 18:55:00+00:00,120833.47,120872.84,120809.59,120872.83,11.11002
2025-10-07 18:56:00+00:00,120872.83,120956.52,120872.83,120945.82,25.87852
2025-10-07 18:57:00+00:00,120945.82,120952.08,120900.96,120917.37,4.38996
2025-10-07 18:58:00+00:00,120917.37,120917.37,120876.0,120885.73,2.14721
2025-10-07 18:59:00+00:00,120885.72,120907.59,120885.72,120895.37,4.59135
2025-10-07 19:00:00+00:00,120895.37,121078.08,120860.46,121051.41,29.60107
2025-10-07 19:01:00+00:00,121051.41,121186.64,121051.4,121119.15,37.58937
2025-10-07 19:02:00+00:00,121119.14,121189.75,121100.0,121189.75,13.13157
2025-10-07 19:03:00+00:00,121189.74,121343.51,121189.74,121324.94,38.8798
2025-10-07 19:04:00+00:00,121324.94,121329.22,121242.66,121242.67,11.43867
2025-10-07 19:05:00+00:00,121242.66,121284.84,121233.22,121275.15,31.5695
2025-10-07 19:06:00+00:00,121275.15,121440.13,121267.74,121431.11,24.57652
2025-10-07 19:07:00+00:00,121431.11,121560.66,121402.93,121476.98,46.14144
2025-10-07 19:08:00+00:00,121476.97,121537.43,121466.24,121466.24,10.46138
2025-10-07 19:09:00+00:00,121466.24,121524.01,121466.24,121524.01,13.95852
2025-10-07 19:10:00+00:00,121524.0,121524.01,121464.0,121464.0,9.54158
2025-10-07 19:11:00+00:00,121464.01,121498.82,121422.82,121422.83,19.01814
2025-10-07 19:12:00+00:00,121422.82,121496.0,121422.33,121479.27,8.25047
2025-10-07 19:13:00+00:00,121479.27,121510.0,121462.01,121462.02,16.73406
2025-10-07 19:14:00+00:00,121462.02,121477.16,121390.05,121447.24,20.26788
2025-10-07 19:15:00+00:00,121447.25,121587.4,121435.87,121587.39,19.60194
2025-10-07 19:16:00+00:00,121587.39,121590.0,121510.69,121529.3,20.51548
2025-10-07 19:17:00+00:00,121529.3,121580.0,121464.0,121469.7,13.15763
2025-10-07 19:18:00+00:00,121469.7,121471.2,121403.83,121413.28,13.86963
2025-10-07 19:19:00+00:00,121413.28,121440.0,121406.73,121413.55,11.20197
2025-10-07 19:20:00+00:00,121413.55,121429.99,121325.93,121399.61,18.82075
2025-10-07 19:21:00+00:00,121399.62,121420.0,121363.77,121420.0,9.19696
2025-10-07 19:22:00+00:00,121419.99,121420.0,121349.2,121349.2,10.19127
2025-10-07 19:23:00+00:00,121349.2,121400.0,121347.41,121391.0,13.68966
2025-10-07 19:24:00+00:00,121390.99,121410.0,121390.99,121399.98,8.87751
2025-10-07 19:25:00+00:00,121399.98,121399.98,121224.99,121285.96,35.148
2025-10-07 19:26:00+00:00,121285.96,121387.76,121285.95,121350.12,20.90416
2025-10-07 19:27:00+00:00,121350.13,121361.64,121259.75,121266.59,49.93858
2025-10-07 19:28:00+00:00,121266.59,121306.8,121258.95,121291.41,8.4737
2025-10-07 19:29:00+00:00,121291.41,121291.87,121270.0,121270.0,6.28393
2025-10-07 19:30:00+00:00,121270.0,121284.86,121263.37,121277.39,7.55252
2025-10-07 19:31:00+00:00,121277.4,121368.31,121277.39,121368.31,10.94857
2025-10-07 19:32:00+00:00,121368.3,121406.74,121353.58,121406.74,12.8413
2025-10-07 19:33:00+00:00,121406.73,121438.99,121357.77,121357.77,39.44163
2025-10-07 19:34:00+00:00,121357.77,121509.75,121357.77,121493.04,100.83053
2025-10-07 19:35:00+00:00,121493.03,121493.04,121443.76,121443.77,12.2576
2025-10-07 19:36:00+00:00,121443.76,121522.38,121443.76,121522.38,15.57972
2025-10-07 19:37:00+00:00,121522.37,121522.38,121485.35,121485.36,11.04893
2025-10-07 19:38:00+00:00,121485.35,121539.56,121485.35,121505.5,10.85209
2025-10-07 19:39:00+00:00,121505.5,121505.5,121458.0,121458.0,2.79605
2025-10-07 19:40:00+00:00,121458.01,121485.18,121452.63,121485.17,6.55757
2025-10-07 19:41:00+00:00,121485.18,121533.69,121485.17,121533.69,7.05193
2025-10-07 19:42:00+00:00,121533.69,121541.97,121470.29,121470.3,9.08642
2025-10-07 19:43:00+00:00,121470.3,121474.22,121450.0,121450.01,38.37636
2025-10-07 19:44:00+00:00,121450.01,121450.01,121371.36,121382.64,25.15764
2025-10-07 19:45:00+00:00,121382.63,121442.22,121382.63,121420.4,21.11212
2025-10-07 19:46:00+00:00,121420.4,121424.0,121350.06,121424.0,11.21602
2025-10-07 19:47:00+00:00,121425.51,121488.34,121425.51,121488.01,63.87465
2025-10-07 19:48:00+00:00,121488.0,121522.34,121488.0,121522.33,11.99932
2025-10-07 19:49:00+00:00,121522.33,121579.93,121522.33,121579.93,12.83338
2025-10-07 19:50:00+00:00,121579.93,121802.79,121579.93,121802.78,41.6385
2025-10-07 19:51:00+00:00,121802.78,121994.44,121756.57,121934.88,80.3199
2025-10-07 19:52:00+00:00,121934.88,122027.3,121926.6,121940.5,57.81726
2025-10-07 19:53:00+00:00,121940.5,121972.01,121805.22,121805.23,46.66576
2025-10-07 19:54:00+00:00,121805.22,121843.83,121729.75,121745.22,15.01813
2025-10-07 19:55:00+00:00,121745.21,121768.17,121719.5,121719.5,5.91851
2025-10-07 19:56:00+00:00,121719.51,121761.04,121718.61,121734.14,10.47271
2025-10-07 19:57:00+00:00,121734.13,121734.14,121698.89,121701.22,12.05407
2025-10-07 19:58:00+00:00,121701.22,121701.22,121633.6,121642.25,18.43346
2025-10-07 19:59:00+00:00,121642.25,121671.85,121564.9,121637.17,23.76458
2025-10-07 20:00:00+00:00,121637.18,121742.98,121637.18,121742.98,16.66362
2025-10-07 20:01:00+00:00,121742.98,121816.52,121742.97,121814.3,10.97114
2025-10-07 20:02:00+00:00,121814.29,121956.29,121814.29,121908.04,20.87887
2025-10-07 20:03:00+00:00,121908.05,121980.0,121908.05,121953.77,13.53997
2025-10-07 20:04:00+00:00,121953.77,122039.06,121940.13,122039.06,14.1596
2025-10-07 20:05:00+00:00,122039.05,122046.0,121972.66,121972.67,18.45432
2025-10-07 20:06:00+00:00,121972.67,122077.3,121972.67,122022.21,30.21019
2025-10-07 20:07:00+00:00,122022.21,122088.0,121986.72,122088.0,6.30325
2025-10-07 20:08:00+00:00,122087.99,122093.34,122068.93,122080.6,11.40042
2025-10-07 20:09:00+00:00,122080.61,122101.22,122066.69,122072.2,10.44668
2025-10-07 20:10:00+00:00,122072.2,122072.2,122008.66,122009.99,10.29444
2025-10-07 20:11:00+00:00,122009.99,122010.0,121984.5,121987.67,4.11127
2025-10-07 20:12:00+00:00,121987.67,122087.99,121987.66,122087.98,6.10706
2025-10-07 20:13:00+00:00,122087.98,122150.0,122087.98,122150.0,14.51747
2025-10-07 20:14:00+00:00,122150.0,122150.0,122030.49,122042.94,16.24225
2025-10-07 20:15:00+00:00,122042.95,122080.16,122042.33,122042.35,7.58188
2025-10-07 20:16:00+00:00,122042.34,122077.11,122030.49,122077.11,3.56782
2025-10-07 20:17:00+00:00,122077.12,122077.12,122077.11,122077.11,6.12085
2025-10-07 20:18:00+00:00,122077.11,122077.12,122038.83,122038.83,4.32728
2025-10-07 20:19:00+00:00,122038.82,122038.83,121953.91,122013.67,17.9457
2025-10-07 20:20:00+00:00,122013.68,122112.45,121983.17,122100.89,11.29016
2025-10-07 20:21:00+00:00,122100.89,122100.89,122064.25,122082.29,3.9922
2025-10-07 20:22:00+00:00,122082.29,122122.02,122034.8,122034.81,5.31698
2025-10-07 20:23:00+00:00,122034.81,122054.05,122005.0,122017.22,9.7149
2025-10-07 20:24:00+00:00,122017.22,122038.0,122013.87,122030.49,2.60296
2025-10-07 20:25:00+00:00,122030.5,122134.46,122030.5,122134.46,5.39385
2025-10-07 20:26:00+00:00,122134.46,122150.01,122126.75,122126.75,18.19051
2025-10-07 20:27:00+00:00,122126.75,122134.47,122113.54,122130.89,2.91388
2025-10-07 20:28:00+00:00,122130.88,122189.34,122130.88,122181.05,13.67002
2025-10-07 20:29:00+00:00,122181.06,122196.48,122154.99,122196.47,6.89137
2025-10-07 20:30:00+00:00,122196.47,122196.48,122161.88,122180.59,9.52038
2025-10-07 20:31:00+00:00,122180.59,122180.6,122180.59,122180.6,1.60107
2025-10-07 20:32:00+00:00,122180.6,122180.6,122158.73,122158.74,4.79319
2025-10-07 20:33:00+00:00,122158.73,122169.7,122158.73,122159.41,5.13235
2025-10-07 20:34:00+00:00,122159.4,122176.02,122158.72,122176.02,5.47226
2025-10-07 20:35:00+00:00,122176.01,122178.32,122176.01,122176.01,3.90077
2025-10-07 20:36:00+00:00,122176.02,122176.02,122173.11,122173.11,1.1925
2025-10-07 20:37:00+00:00,122173.11,122178.32,122173.11,122178.32,3.94513
2025-10-07 20:38:00+00:00,122178.32,122178.32,122157.17,122157.18,7.3295
2025-10-07 20:39:00+00:00,122157.17,122157.17,122072.8,122072.8,11.58226
2025-10-07 20:40:00+00:00,122072.81,122072.81,122030.49,122030.5,4.99279
2025-10-07 20:41:00+00:00,122030.5,122057.72,122030.49,122039.55,4.37378
2025-10-07 20:42:00+00:00,122039.54,122039.55,122039.54,122039.55,4.89683
2025-10-07 20:43:00+00:00,122039.54,122106.68,122039.54,122106.68,4.51755
2025-10-07 20:44:00+00:00,122106.67,122126.27,122072.07,122072.07,3.62274
2025-10-07 20:45:00+00:00,122072.07,122114.01,122068.9,122114.0,4.38795
2025-10-07 20:46:00+00:00,122114.01,122114.01,122096.04,122096.05,2.37261
2025-10-07 20:47:00+00:00,122096.05,122120.0,122096.04,122118.0,11.15731
2025-10-07 20:48:00+00:00,122118.01,122158.0,122118.0,122158.0,2.06519
2025-10-07 20:49:00+00:00,122158.0,122193.09,122118.01,122193.07,21.13471
2025-10-07 20:50:00+00:00,122193.07,122193.07,122151.39,122151.4,5.04459
2025-10-07 20:51:00+00:00,122151.4,122172.73,122151.39,122172.73,1.33197
2025-10-07 20:52:00+00:00,122172.73,122180.0,122172.72,122176.44,2.929
2025-10-07 20:53:00+00:00,122176.44,122176.45,122145.31,122145.32,4.21283
2025-10-07 20:54:00+00:00,122145.31,122145.32,122145.31,122145.32,1.74642
2025-10-07 20:55:00+00:00,122145.31,122145.32,122084.05,122084.05,5.03445
2025-10-07 20:56:00+00:00,122084.06,122097.98,122071.88,122097.97,5.60654
2025-10-07 20:57:00+00:00,122097.98,122097.98,122097.97,122097.98,2.51644
2025-10-07 20:58:00+00:00,122097.97,122097.98,122012.46,122012.96,6.95759
2025-10-07 20:59:00+00:00,122012.96,122012.96,121907.86,121943.61,16.43653
2025-10-07 21:00:00+00:00,121943.61,121951.27,121800.53,121800.54,19.51821
2025-10-07 21:01:00+00:00,121800.53,121849.99,121765.9,121849.99,10.75164
2025-10-07 21:02:00+00:00,121849.98,121950.15,121849.98,121921.8,15.2057
2025-10-07 21:03:00+00:00,121921.8,121921.89,121869.96,121910.01,3.71947
2025-10-07 21:04:00+00:00,121910.01,122005.16,121910.0,121993.15,3.59877
2025-10-07 21:05:00+00:00,121993.16,121993.54,121953.03,121993.54,3.31268
2025-10-07 21:06:00+00:00,121993.54,122005.16,121990.0,122005.15,2.53622
2025-10-07 21:07:00+00:00,122005.16,122030.5,122005.15,122030.5,4.99167
2025-10-07 21:08:00+00:00,122030.5,122115.45,122030.49,122115.44,12.57665
2025-10-07 21:09:00+00:00,122115.44,122145.7,122115.44,122145.7,3.11653
2025-10-07 21:10:00+00:00,122145.69,122145.7,122145.69,122145.7,1.60812
2025-10-07 21:11:00+00:00,122145.7,122180.0,122145.69,122172.94,9.07442
2025-10-07 21:12:00+00:00,122172.94,122172.95,122144.61,122166.24,5.66115
2025-10-07 21:13:00+00:00,122166.24,122169.67,122134.45,122139.34,12.06721
2025-10-07 21:14:00+00:00,122139.35,122139.35,121992.26,121992.27,18.04085
2025-10-07 21:15:00+00:00,121992.27,122105.18,121958.14,122098.15,10.7925
2025-10-07 21:16:00+00:00,122098.15,122130.18,122096.05,122122.27,8.15057
2025-10-07 21:17:00+00:00,122122.27,122160.32,122092.13,122135.23,9.33614
2025-10-07 21:18:00+00:00,122135.22,122157.79,122135.22,122155.6,2.5149
2025-10-07 21:19:00+00:00,122155.6,122156.58,122134.45,122156.58,2.12117
2025-10-07 21:20:00+00:00,122156.57,122156.58,122071.99,122071.99,7.37613
2025-10-07 21:21:00+00:00,122072.0,122129.03,122071.99,122129.03,7.87341
2025-10-07 21:22:00+00:00,122129.02,122129.03,122115.14,122118.58,1.91979
2025-10-07 21:23:00+00:00,122118.57,122118.58,122099.27,122111.87,3.8046
2025-10-07 21:24:00+00:00,122111.87,122138.4,122106.14,122138.4,2.74707
2025-10-07 21:25:00+00:00,122138.4,122179.47,122138.4,122175.6,4.0005
2025-10-07 21:26:00+00:00,122175.61,122222.0,122175.61,122222.0,11.52677
2025-10-07 21:27:00+00:00,122222.0,122256.5,122221.99,122256.49,9.20174
2025-10-07 21:28:00+00:00,122256.5,122292.62,122256.49,122292.61,8.02603
2025-10-07 21:29:00+00:00,122292.62,122292.62,122248.2,122248.21,5.64386
2025-10-07 21:30:00+00:00,122248.21,122248.21,122238.41,122238.42,2.14001
2025-10-07 21:31:00+00:00,122238.41,122238.42,122168.48,122168.48,4.49191
2025-10-07 21:32:00+00:00,122168.48,122188.94,122134.45,122134.46,5.05408
2025-10-07 21:33:00+00:00,122134.45,122134.46,122068.67,122068.67,15.60087
2025-10-07 21:34:00+00:00,122068.67,122155.27,122014.0,122133.43,9.60521
2025-10-07 21:35:00+00:00,122133.44,122133.44,122064.0,122064.0,3.09719
2025-10-07 21:36:00+00:00,122064.01,122064.01,122020.23,122020.24,4.067
2025-10-07 21:37:00+00:00,122020.23,122020.23,121956.77,121991.27,10.43951
2025-10-07 21:38:00+00:00,121991.28,122059.41,121991.28,122031.07,8.1985
2025-10-07 21:39:00+00:00,122031.06,122056.12,122031.06,122056.11,1.74966
2025-10-07 21:40:00+00:00,122056.12,122067.1,121988.8,121988.8,3.40764
2025-10-07 21:41:00+00:00,121988.81,122004.53,121972.26,121972.26,4.1566
2025-10-07 21:42:00+00:00,121972.26,121972.26,121822.57,121822.57,9.89175
2025-10-07 21:43:00+00:00,121822.57,121941.11,121814.54,121941.1,13.6773
2025-10-07 21:44:00+00:00,121941.1,122018.55,121941.1,122018.54,6.54028
2025-10-07 21:45:00+00:00,122018.55,122018.55,121926.53,121947.94,5.03096
2025-10-07 21:46:00+00:00,121947.94,121947.94,121875.38,121913.81,9.05313
2025-10-07 21:47:00+00:00,121913.81,121913.81,121906.4,121913.42,2.26806
2025-10-07 21:48:00+00:00,121913.42,121913.42,121822.57,121822.57,5.72396
2025-10-07 21:49:00+00:00,121822.58,121822.6,121787.47,121822.6,9.65904
2025-10-07 21:50:00+00:00,121822.6,121822.6,121822.59,121822.59,2.16656
2025-10-07 21:51:00+00:00,121822.6,121860.16,121822.59,121835.1,10.27113
2025-10-07 21:52:00+00:00,121835.1,121835.11,121835.1,121835.1,0.95149
2025-10-07 21:53:00+00:00,121835.1,121835.11,121835.1,121835.11,1.86674
2025-10-07 21:54:00+00:00,121835.11,121846.74,121835.1,121846.74,2.30593
2025-10-07 21:55:00+00:00,121846.74,121846.74,121837.1,121837.1,2.91227
2025-10-07 21:56:00+00:00,121837.1,121854.47,121837.1,121854.47,1.17888
2025-10-07 21:57:00+00:00,121854.46,121863.96,121854.46,121863.96,4.24538
2025-10-07 21:58:00+00:00,121863.96,121947.94,121863.95,121947.93,9.92072
2025-10-07 21:59:00+00:00,121947.94,122016.0,121947.94,122016.0,7.42494
2025-10-07 22:00:00+00:00,122016.0,122028.17,121993.01,121993.01,2.38948
2025-10-07 22:01:00+00:00,121993.01,121993.01,121918.05,121975.07,5.87257
2025-10-07 22:02:00+00:00,121975.07,121986.0,121932.73,121985.99,4.17169
2025-10-07 22:03:00+00:00,121986.0,121990.71,121926.54,121937.72,3.62417
2025-10-07 22:04:00+00:00,121937.71,121937.73,121906.4,121918.17,2.68727
2025-10-07 22:05:00+00:00,121918.6,121964.71,121918.6,121964.71,5.93634
2025-10-07 22:06:00+00:00,121964.7,121964.71,121911.26,121948.82,4.77157
2025-10-07 22:07:00+00:00,121948.83,121948.83,121910.81,121946.25,5.01684
2025-10-07 22:08:00+00:00,121946.24,121946.25,121907.38,121907.39,4.07927
2025-10-07 22:09:00+00:00,121907.38,121907.39,121834.77,121834.78,15.69755
2025-10-07 22:10:00+00:00,121834.78,121855.65,121797.6,121855.65,36.90994
2025-10-07 22:11:00+00:00,121855.65,121909.12,121855.65,121909.11,8.75233
2025-10-07 22:12:00+00:00,121909.11,122007.76,121909.11,122007.76,8.3207
2025-10-07 22:13:00+00:00,122007.76,122030.5,122001.83,122001.84,4.06608
2025-10-07 22:14:00+00:00,122001.83,122046.36,122001.83,122030.71,7.39475
2025-10-07 22:15:00+00:00,122030.7,122041.06,121988.8,122041.05,17.9083
2025-10-07 22:16:00+00:00,122041.06,122043.94,122002.64,122043.94,5.60698
2025-10-07 22:17:00+00:00,122043.94,122067.37,122043.94,122067.36,0.88004
2025-10-07 22:18:00+00:00,122067.36,122145.14,122067.36,122145.14,12.41457
2025-10-07 22:19:00+00:00,122145.13,122173.5,122094.8,122094.8,17.17186
2025-10-07 22:20:00+00:00,122094.81,122094.81,122048.41,122048.41,4.0142
2025-10-07 22:21:00+00:00,122048.42,122091.8,122048.41,122086.38,2.55642
2025-10-07 22:22:00+00:00,122086.38,122128.8,122086.38,122099.32,2.33117
2025-10-07 22:23:00+00:00,122099.33,122099.33,122044.72,122044.72,4.71262
2025-10-07 22:24:00+00:00,122044.72,122048.51,121979.38,121979.38,9.63074
2025-10-07 22:25:00+00:00,121979.38,122006.19,121950.0,122005.4,11.22846
2025-10-07 22:26:00+00:00,122005.4,122028.94,122003.77,122003.77,3.34198
2025-10-07 22:27:00+00:00,122003.78,122014.13,121895.43,121895.43,6.0126
2025-10-07 22:28:00+00:00,121895.43,121932.11,121880.37,121926.71,12.00491
2025-10-07 22:29:00+00:00,121926.71,121926.71,121886.18,121916.73,4.09271
2025-10-07 22:30:00+00:00,121916.73,121972.0,121916.73,121947.79,4.21839
2025-10-07 22:31:00+00:00,121947.8,122001.31,121947.79,121988.07,8.61896
2025-10-07 22:32:00+00:00,121988.07,122021.41,121988.07,122021.4,5.53382
2025-10-07 22:33:00+00:00,122021.4,122028.86,122017.01,122017.01,3.8466
2025-10-07 22:34:00+00:00,122016.64,122047.37,122016.64,122030.62,4.4345
2025-10-07 22:35:00+00:00,122030.62,122030.62,122001.47,122019.51,5.5153
2025-10-07 22:36:00+00:00,122019.51,122019.51,121994.63,121994.63,3.03478
2025-10-07 22:37:00+00:00,121994.63,121994.64,121947.48,121948.56,4.10621
2025-10-07 22:38:00+00:00,121948.57,121950.46,121936.98,121950.45,2.74919
2025-10-07 22:39:00+00:00,121950.46,121950.46,121854.48,121854.49,9.55401
2025-10-07 22:40:00+00:00,121854.48,121868.87,121835.1,121835.1,27.72378
2025-10-07 22:41:00+00:00,121834.78,121864.0,121823.58,121846.33,5.55086
2025-10-07 22:42:00+00:00,121846.33,121935.97,121846.32,121935.96,17.42744
2025-10-07 22:43:00+00:00,121935.97,121935.97,121912.05,121912.05,9.46197
2025-10-07 22:44:00+00:00,121912.06,121930.87,121900.8,121930.86,3.75342
2025-10-07 22:45:00+00:00,121930.87,121947.45,121926.53,121932.85,6.20392
2025-10-07 22:46:00+00:00,121932.85,121932.85,121932.84,121932.84,0.70953
2025-10-07 22:47:00+00:00,121932.84,121947.45,121932.84,121947.44,3.73938
2025-10-07 22:48:00+00:00,121947.44,121947.45,121926.53,121946.28,1.51092
2025-10-07 22:49:00+00:00,121946.28,121946.29,121939.87,121944.45,4.64978
2025-10-07 22:50:00+00:00,121944.45,121946.3,121941.49,121946.3,1.40992
2025-10-07 22:51:00+00:00,121946.29,121965.5,121946.29,121965.5,1.19756
2025-10-07 22:52:00+00:00,121965.5,121978.56,121965.49,121978.56,2.03504
2025-10-07 22:53:00+00:00,121978.55,121979.56,121927.34,121927.35,5.87779
2025-10-07 22:54:00+00:00,121927.35,121945.88,121926.04,121945.88,9.33006
2025-10-07 22:55:00+00:00,121945.88,121976.36,121945.87,121976.35,3.73829
2025-10-07 22:56:00+00:00,121976.36,121995.08,121976.35,121995.07,1.59324
2025-10-07 22:57:00+00:00,121995.08,121995.09,121976.35,121976.35,4.21651
2025-10-07 22:58:00+00:00,121976.35,121998.29,121949.15,121998.29,7.8046
2025-10-07 22:59:00+00:00,121998.36,122011.18,121998.36,122011.17,1.16731
2025-10-07 23:00:00+00:00,122011.17,122022.88,122000.0,122000.0,9.02158
2025-10-07 23:01:00+00:00,122000.0,122000.0,121930.87,121964.22,2.79299
2025-10-07 23:02:00+00:00,121964.23,121979.72,121865.68,121865.68,8.9151
2025-10-07 23:03:00+00:00,121865.69,121908.67,121865.68,121874.0,3.22181
2025-10-07 23:04:00+00:00,121873.99,121909.45,121861.49,121861.5,3.33376
2025-10-07 23:05:00+00:00,121861.49,121973.33,121861.49,121934.76,6.2971
2025-10-07 23:06:00+00:00,121934.77,121950.2,121879.38,121879.39,5.2576
2025-10-07 23:07:00+00:00,121879.38,121904.83,121879.38,121891.15,3.99155
2025-10-07 23:08:00+00:00,121891.16,121891.16,121860.0,121868.98,3.74489
2025-10-07 23:09:00+00:00,121868.97,121868.98,121841.25,121841.25,5.40703
2025-10-07 23:10:00+00:00,121841.25,121841.26,121800.0,121800.0,7.5304
2025-10-07 23:11:00+00:00,121800.0,121825.42,121768.69,121822.6,10.50841
2025-10-07 23:12:00+00:00,121822.61,121822.61,121793.09,121810.4,2.67572
2025-10-07 23:13:00+00:00,121810.41,121810.41,121772.33,121799.7,3.38815
2025-10-07 23:14:00+00:00,121799.7,121814.0,121788.12,121801.41,2.91406
2025-10-07 23:15:00+00:00,121801.41,121817.31,121779.2,121809.58,7.81832
2025-10-07 23:16:00+00:00,121809.57,121851.5,121809.57,121849.31,2.16071
2025-10-07 23:17:00+00:00,121849.31,121849.31,121787.59,121819.27,6.44814
2025-10-07 23:18:00+00:00,121819.28,121819.28,121763.46,121763.47,7.45129
2025-10-07 23:19:00+00:00,121763.47,121766.39,121687.53,121707.63,11.42363
2025-10-07 23:20:00+00:00,121707.63,121707.63,121678.35,121705.11,7.83415
2025-10-07 23:21:00+00:00,121705.12,121756.81,121678.0,121696.96,11.40942
2025-10-07 23:22:00+00:00,121696.97,121701.17,121666.66,121701.17,13.6584
